# x_mm,Aenc_exact,Aenc_mesh,Amat_exact,Amat_mesh,Amat_brep,Iyy_exact,Iyy_mesh,Iyy_brep
3.699999999999999956e-01,5.026548245743669213e+03,5.024884844596879702e+03,5.026548245743669213e+03,5.024884844596881521e+03,5.026548245743665575e+03,2.010619298297467642e+06,2.009288841589853168e+06,2.010619298297380097e+06
1.622562814070351855e+00,5.026548245743669213e+03,5.024884844596883340e+03,5.026548245743669213e+03,5.024884844596880612e+03,5.026548245743665575e+03,2.010619298297467642e+06,2.009288841589853168e+06,2.010619298297380097e+06
2.875125628140703604e+00,5.026548245743669213e+03,5.024884844596878793e+03,5.026548245743669213e+03,5.024884844596881521e+03,5.026548245743665575e+03,2.010619298297467642e+06,2.009288841589853168e+06,2.010619298297380097e+06
4.127688442211055353e+00,5.026548245743669213e+03,5.024884844596877883e+03,5.026548245743669213e+03,5.024884844596881521e+03,5.026548245743665575e+03,2.010619298297467642e+06,2.009288841589852935e+06,2.010619298297380097e+06
5.380251256281407102e+00,5.026548245743669213e+03,5.024884844596883340e+03,5.026548245743669213e+03,5.024884844596881521e+03,5.026548245743665575e+03,2.010619298297467642e+06,2.009288841589853168e+06,2.010619298297380097e+06
6.632814070351758851e+00,5.026548245743669213e+03,5.024884844596880612e+03,5.466371217246246488e+02,5.464701742124858583e+02,5.466371217246148717e+02,3.803851759698542883e+05,3.801911867506084964e+05,3.803851759698368842e+05
7.885376884422110599e+00,5.026548245743669213e+03,5.024884844596880612e+03,5.466371217246246488e+02,5.464701742124860857e+02,5.466371217246148717e+02,3.803851759698542883e+05,3.801911867506082635e+05,3.803851759698368842e+05
9.137939698492461460e+00,5.026548245743669213e+03,5.024884844596880612e+03,5.466371217246246488e+02,5.464701742124850625e+02,5.466371217246148717e+02,3.803851759698542883e+05,3.801911867506079143e+05,3.803851759698368842e+05
1.039050251256281321e+01,5.026548245743669213e+03,5.024884844596883340e+03,5.466371217246246488e+02,5.464701742124849488e+02,5.466371217246148717e+02,3.803851759698542883e+05,3.801911867506079725e+05,3.803851759698368842e+05
1.164306532663316496e+01,5.026548245743669213e+03,5.024884844596879702e+03,5.466371217246246488e+02,5.464701742124860857e+02,5.466371217246148717e+02,3.803851759698542883e+05,3.801911867506084382e+05,3.803851759698368842e+05
1.289562814070351671e+01,5.026548245743669213e+03,5.024884844596882431e+03,5.466371217246246488e+02,5.464701742124849488e+02,5.466371217246148717e+02,3.803851759698542883e+05,3.801911867506081471e+05,3.803851759698368842e+05
1.414819095477386846e+01,5.026548245743669213e+03,5.024884844596888797e+03,5.466371217246246488e+02,5.464701742124859720e+02,5.466371217246148717e+02,3.803851759698542883e+05,3.801911867506082635e+05,3.803851759698368842e+05
1.540075376884422020e+01,5.026548245743669213e+03,5.024884844596878793e+03,5.466371217246246488e+02,5.464701742124851762e+02,5.466371217246148717e+02,3.803851759698542883e+05,3.801911867506082635e+05,3.803851759698368842e+05
1.665331658291457373e+01,5.026548245743669213e+03,5.024884844596876064e+03,5.466371217246246488e+02,5.464701742124858583e+02,5.466371217246148717e+02,3.803851759698542883e+05,3.801911867506082053e+05,3.803851759698368842e+05
1.790587939698492548e+01,5.026548245743669213e+03,5.024884844596877883e+03,5.466371217246246488e+02,5.464701742124851762e+02,5.466371217246148717e+02,3.803851759698542883e+05,3.801911867506084382e+05,3.803851759698368842e+05
1.915844221105527723e+01,5.026548245743669213e+03,5.024884844596881521e+03,5.466371217246246488e+02,5.464701742124850625e+02,5.466371217246148717e+02,3.803851759698542883e+05,3.801911867506089038e+05,3.803851759698368842e+05
2.041100502512562898e+01,5.026548245743669213e+03,5.024884844596877883e+03,5.466371217246246488e+02,5.464701742124852899e+02,5.466371217246148717e+02,3.803851759698542883e+05,3.801911867506082053e+05,3.803851759698368842e+05
2.166356783919598072e+01,5.026548245743669213e+03,5.024884844596880612e+03,5.466371217246246488e+02,5.464701742124860857e+02,5.466371217246148717e+02,3.803851759698542883e+05,3.801911867506082635e+05,3.803851759698368842e+05
2.291613065326633247e+01,5.026548245743669213e+03,5.024884844596883340e+03,5.466371217246246488e+02,5.464701742124851762e+02,5.466371217246148717e+02,3.803851759698542883e+05,3.801911867506082635e+05,3.803851759698368842e+05
2.416869346733668422e+01,5.026548245743669213e+03,5.024884844596887888e+03,5.466371217246246488e+02,5.464701742124851762e+02,5.466371217246148717e+02,3.803851759698542883e+05,3.801911867506082053e+05,3.803851759698368842e+05
2.542125628140703597e+01,5.026548245743669213e+03,5.024884844596884250e+03,5.466371217246246488e+02,5.464701742124841530e+02,5.466371217246148717e+02,3.803851759698542883e+05,3.801911867506082053e+05,3.803851759698368842e+05
2.667381909547738772e+01,5.026548245743669213e+03,5.024884844596879702e+03,5.466371217246246488e+02,5.464701742124855173e+02,5.466371217246148717e+02,3.803851759698542883e+05,3.801911867506082635e+05,3.803851759698368842e+05
2.792638190954773947e+01,5.026548245743669213e+03,5.024884844596876974e+03,5.466371217246246488e+02,5.464701742124857446e+02,5.466371217246148717e+02,3.803851759698542883e+05,3.801911867506079725e+05,3.803851759698368842e+05
2.917894472361809122e+01,5.026548245743669213e+03,5.024884844596879702e+03,5.466371217246246488e+02,5.464701742124847215e+02,5.466371217246148717e+02,3.803851759698542883e+05,3.801911867506081471e+05,3.803851759698368842e+05
3.043150753768844297e+01,5.026548245743669213e+03,5.024884844596879702e+03,7.866371217246246488e+02,7.864701742124859720e+02,7.866371217246148717e+02,3.809621829575051670e+05,3.807674753925579134e+05,3.809621829574846197e+05
3.168407035175879471e+01,5.026548245743669213e+03,5.024884844596878793e+03,7.866371217246246488e+02,7.864701742124851762e+02,7.866371217246148717e+02,3.809621829575051670e+05,3.807674753925579716e+05,3.809621829574846197e+05
3.293663316582914291e+01,5.026548245743669213e+03,5.024884844596880612e+03,7.866371217246246488e+02,7.864701742124851762e+02,7.866371217246148717e+02,3.809621829575051670e+05,3.807674753925579134e+05,3.809621829574846197e+05
3.418919597989949466e+01,5.026548245743669213e+03,5.024884844596883340e+03,7.866371217246246488e+02,7.864701742124855173e+02,7.866371217246148717e+02,3.809621829575051670e+05,3.807674753925579134e+05,3.809621829574846197e+05
3.544175879396984641e+01,5.026548245743669213e+03,5.024884844596888797e+03,7.866371217246246488e+02,7.864701742124850625e+02,7.866371217246148717e+02,3.809621829575051670e+05,3.807674753925579716e+05,3.809621829574846197e+05
3.669432160804019816e+01,5.026548245743669213e+03,5.024884844596881521e+03,7.866371217246246488e+02,7.864701742124857446e+02,7.866371217246148717e+02,3.809621829575051670e+05,3.807674753925577970e+05,3.809621829574846197e+05
3.794688442211054991e+01,5.026548245743669213e+03,5.024884844596879702e+03,7.866371217246246488e+02,7.864701742124859720e+02,7.866371217246148717e+02,3.809621829575051670e+05,3.807674753925578552e+05,3.809621829574847361e+05
3.919944723618090165e+01,5.026548245743669213e+03,5.024884844596881521e+03,7.866371217246246488e+02,7.864701742124859720e+02,7.866371217246148717e+02,3.809621829575051670e+05,3.807674753925579716e+05,3.809621829574846779e+05
4.045201005025125340e+01,5.026548245743669213e+03,5.024884844596882431e+03,7.866371217246246488e+02,7.864701742124859720e+02,7.866371217246148717e+02,3.809621829575051670e+05,3.807674753925579134e+05,3.809621829574846779e+05
4.170457286432160515e+01,5.026548245743669213e+03,5.024884844596879702e+03,7.866371217246246488e+02,7.864701742124839257e+02,7.866371217246148717e+02,3.809621829575051670e+05,3.807674753925578552e+05,3.809621829574847361e+05
4.295713567839195690e+01,5.026548245743669213e+03,5.024884844596876974e+03,7.866371217246246488e+02,7.864701742124854036e+02,7.866371217246148717e+02,3.809621829575051670e+05,3.807674753925579134e+05,3.809621829574845033e+05
4.420969849246230865e+01,5.026548245743669213e+03,5.024884844596881521e+03,7.866371217246246488e+02,7.864701742124859720e+02,7.866371217246148717e+02,3.809621829575051670e+05,3.807674753925579716e+05,3.809621829574845615e+05
4.546226130653266040e+01,5.026548245743669213e+03,5.024884844596883340e+03,7.866371217246246488e+02,7.864701742124850625e+02,7.866371217246148717e+02,3.809621829575051670e+05,3.807674753925578552e+05,3.809621829574847361e+05
4.671482412060301215e+01,5.026548245743669213e+03,5.024884844596889707e+03,7.866371217246246488e+02,7.864701742124863131e+02,7.866371217246148717e+02,3.809621829575051670e+05,3.807674753925579134e+05,3.809621829574845033e+05
4.796738693467336390e+01,5.026548245743669213e+03,5.024884844596876974e+03,7.866371217246246488e+02,7.864701742124859720e+02,7.866371217246148717e+02,3.809621829575051670e+05,3.807674753925579134e+05,3.809621829574845033e+05
4.921994974874371565e+01,5.026548245743669213e+03,5.024884844596880612e+03,7.866371217246246488e+02,7.864701742124859720e+02,7.866371217246148717e+02,3.809621829575051670e+05,3.807674753925578552e+05,3.809621829574845033e+05
5.047251256281406739e+01,5.026548245743669213e+03,5.024884844596880612e+03,7.866371217246246488e+02,7.864701742124855173e+02,7.866371217246148717e+02,3.809621829575051670e+05,3.807674753925577388e+05,3.809621829574847361e+05
5.172507537688441914e+01,5.026548245743669213e+03,5.024884844596881521e+03,7.866371217246246488e+02,7.864701742124860857e+02,7.866371217246148717e+02,3.809621829575051670e+05,3.807674753925579134e+05,3.809621829574845033e+05
5.297763819095477089e+01,5.026548245743669213e+03,5.024884844596878793e+03,7.866371217246246488e+02,7.864701742124863131e+02,7.866371217246148717e+02,3.809621829575051670e+05,3.807674753925579134e+05,3.809621829574847361e+05
5.423020100502512264e+01,5.026548245743669213e+03,5.024884844596876064e+03,7.866371217246246488e+02,7.864701742124841530e+02,7.866371217246148717e+02,3.809621829575051670e+05,3.807674753925576806e+05,3.809621829574847361e+05
5.548276381909547439e+01,5.026548245743669213e+03,5.024884844596880612e+03,7.866371217246246488e+02,7.864701742124858583e+02,7.866371217246148717e+02,3.809621829575051670e+05,3.807674753925578552e+05,3.809621829574845033e+05
5.673532663316582614e+01,5.026548245743669213e+03,5.024884844596884250e+03,7.866371217246246488e+02,7.864701742124841530e+02,7.866371217246148717e+02,3.809621829575051670e+05,3.807674753925579134e+05,3.809621829574847361e+05
5.798788944723617789e+01,5.026548245743669213e+03,5.024884844596879702e+03,7.866371217246246488e+02,7.864701742124860857e+02,7.866371217246148717e+02,3.809621829575051670e+05,3.807674753925579134e+05,3.809621829574847361e+05
5.924045226130652964e+01,5.026548245743669213e+03,5.024884844596883340e+03,7.866371217246246488e+02,7.864701742124864268e+02,7.866371217246148717e+02,3.809621829575051670e+05,3.807674753925584373e+05,3.809621829574847361e+05
6.049301507537688138e+01,5.026548245743669213e+03,5.024884844596883340e+03,1.386637121724624649e+03,1.386470174212485063e+03,1.386637121724614644e+03,4.755150713636061409e+05,4.753261219290465815e+05,4.755150713636376313e+05
6.174557788944723313e+01,5.026548245743669213e+03,5.024884844596882431e+03,1.386637121724624649e+03,1.386470174212486199e+03,1.386637121724614644e+03,4.755150713636061409e+05,4.753261219290468725e+05,4.755150713636378641e+05
6.299814070351758488e+01,5.026548245743669213e+03,5.024884844596883340e+03,1.386637121724624649e+03,1.386470174212485972e+03,1.386637121724614644e+03,4.755150713636061409e+05,4.753261219290468143e+05,4.755150713636373985e+05
6.425070351758793663e+01,5.026548245743669213e+03,5.024884844596882431e+03,1.386637121724624649e+03,1.386470174212486199e+03,1.386637121724614644e+03,4.755150713636061409e+05,4.753261219290468143e+05,4.755150713636378641e+05
6.550326633165829548e+01,5.026548245743669213e+03,5.024884844596882431e+03,1.386637121724624649e+03,1.386470174212485972e+03,1.386637121724614644e+03,4.755150713636061409e+05,4.753261219290465815e+05,4.755150713636378641e+05
6.675582914572865434e+01,5.026548245743669213e+03,5.024884844596884250e+03,1.386637121724624649e+03,1.386470174212484153e+03,1.386637121724614644e+03,4.755150713636061409e+05,4.753261219290466979e+05,4.755150713636378641e+05
6.800839195979899898e+01,5.026548245743669213e+03,5.024884844596880612e+03,1.386637121724624649e+03,1.386470174212485290e+03,1.386637121724614644e+03,4.755150713636061409e+05,4.753261219290468143e+05,4.755150713636378641e+05
6.926095477386934363e+01,5.026548245743669213e+03,5.024884844596884250e+03,1.386637121724624649e+03,1.386470174212485972e+03,1.386637121724614644e+03,4.755150713636061409e+05,4.753261219290465815e+05,4.755150713636378641e+05
7.051351758793970248e+01,5.026548245743669213e+03,5.024884844596876064e+03,1.386637121724624649e+03,1.386470174212485063e+03,1.386637121724614644e+03,4.755150713636061409e+05,4.753261219290466979e+05,4.755150713636378641e+05
7.176608040201006133e+01,5.026548245743669213e+03,5.024884844596882431e+03,1.386637121724624649e+03,1.386470174212484835e+03,1.386637121724614644e+03,4.755150713636061409e+05,4.753261219290463487e+05,4.755150713636378641e+05
7.301864321608040598e+01,5.026548245743669213e+03,5.024884844596876064e+03,1.386637121724624649e+03,1.386470174212484835e+03,1.386637121724614644e+03,4.755150713636061409e+05,4.753261219290466397e+05,4.755150713636378641e+05
7.427120603015075062e+01,5.026548245743669213e+03,5.024884844596879702e+03,1.386637121724624649e+03,1.386470174212485063e+03,1.386637121724614644e+03,4.755150713636061409e+05,4.753261219290467561e+05,4.755150713636378641e+05
7.552376884422110948e+01,5.026548245743669213e+03,5.024884844596879702e+03,1.386637121724624649e+03,1.386470174212486199e+03,1.386637121724614644e+03,4.755150713636061409e+05,4.753261219290467561e+05,4.755150713636378641e+05
7.677633165829146833e+01,5.026548245743669213e+03,5.024884844596885159e+03,1.386637121724624649e+03,1.386470174212485290e+03,1.386637121724614644e+03,4.755150713636061409e+05,4.753261219290469890e+05,4.755150713636378641e+05
7.802889447236181297e+01,5.026548245743669213e+03,5.024884844596881521e+03,1.386637121724624649e+03,1.386470174212486427e+03,1.386637121724614644e+03,4.755150713636061409e+05,4.753261219290466979e+05,4.755150713636378641e+05
7.928145728643215762e+01,5.026548245743669213e+03,5.024884844596876974e+03,1.386637121724624649e+03,1.386470174212484835e+03,1.386637121724614644e+03,4.755150713636061409e+05,4.753261219290466397e+05,4.755150713636378641e+05
8.053402010050251647e+01,5.026548245743669213e+03,5.024884844596882431e+03,1.386637121724624649e+03,1.386470174212486882e+03,1.386637121724614644e+03,4.755150713636061409e+05,4.753261219290468143e+05,4.755150713636378641e+05
8.178658291457287532e+01,5.026548245743669213e+03,5.024884844596877883e+03,1.386637121724624649e+03,1.386470174212485063e+03,1.386637121724614644e+03,4.755150713636061409e+05,4.753261219290467561e+05,4.755150713636378641e+05
8.303914572864321997e+01,5.026548245743669213e+03,5.024884844596881521e+03,1.386637121724624649e+03,1.386470174212485745e+03,1.386637121724614644e+03,4.755150713636061409e+05,4.753261219290474546e+05,4.755150713636378641e+05
8.429170854271356461e+01,5.026548245743669213e+03,5.024884844596884250e+03,1.386637121724624649e+03,1.386470174212485745e+03,1.386637121724614644e+03,4.755150713636061409e+05,4.753261219290466397e+05,4.755150713636378641e+05
8.554427135678392347e+01,5.026548245743669213e+03,5.024884844596881521e+03,1.386637121724624649e+03,1.386470174212485745e+03,1.386637121724614644e+03,4.755150713636061409e+05,4.753261219290466397e+05,4.755150713636378641e+05
8.679683417085428232e+01,5.026548245743669213e+03,5.024884844596879702e+03,1.386637121724624649e+03,1.386470174212486199e+03,1.386637121724614644e+03,4.755150713636061409e+05,4.753261219290468725e+05,4.755150713636378641e+05
8.804939698492462696e+01,5.026548245743669213e+03,5.024884844596877883e+03,1.386637121724624649e+03,1.386470174212484380e+03,1.386637121724614644e+03,4.755150713636061409e+05,4.753261219290466979e+05,4.755150713636378641e+05
8.930195979899497161e+01,5.026548245743669213e+03,5.024884844596883340e+03,1.386637121724624649e+03,1.386470174212485972e+03,1.386637121724614644e+03,4.755150713636061409e+05,4.753261219290466979e+05,4.755150713636373985e+05
9.055452261306533046e+01,5.026548245743669213e+03,5.024884844596876974e+03,1.386637121724624649e+03,1.386470174212483926e+03,1.386637121724614644e+03,4.755150713636061409e+05,4.753261219290466397e+05,4.755150713636378641e+05
9.180708542713568932e+01,5.026548245743669213e+03,5.024884844596884250e+03,1.386637121724624649e+03,1.386470174212485972e+03,1.386637121724614644e+03,4.755150713636061409e+05,4.753261219290468725e+05,4.755150713636378641e+05
9.305964824120603396e+01,5.026548245743669213e+03,5.024884844596879702e+03,1.386637121724624649e+03,1.386470174212483698e+03,1.386637121724614644e+03,4.755150713636061409e+05,4.753261219290466979e+05,4.755150713636378641e+05
9.431221105527637860e+01,5.026548245743669213e+03,5.024884844596881521e+03,1.386637121724624649e+03,1.386470174212484153e+03,1.386637121724614644e+03,4.755150713636061409e+05,4.753261219290462323e+05,4.755150713636372820e+05
9.556477386934673746e+01,5.026548245743669213e+03,5.024884844596881521e+03,1.386637121724624649e+03,1.386470174212485063e+03,1.386637121724614644e+03,4.755150713636061409e+05,4.753261219290465815e+05,4.755150713636377477e+05
9.681733668341709631e+01,5.026548245743669213e+03,5.024884844596879702e+03,1.386637121724624649e+03,1.386470174212484835e+03,1.386637121724614644e+03,4.755150713636061409e+05,4.753261219290465815e+05,4.755150713636377477e+05
9.806989949748744095e+01,5.026548245743669213e+03,5.024884844596883340e+03,1.386637121724624649e+03,1.386470174212486199e+03,1.386637121724614644e+03,4.755150713636061409e+05,4.753261219290470472e+05,4.755150713636372820e+05
9.932246231155778560e+01,5.026548245743669213e+03,5.024884844596874245e+03,1.386637121724624649e+03,1.386470174212485972e+03,1.386637121724614644e+03,4.755150713636061409e+05,4.753261219290468725e+05,4.755150713636372820e+05
1.005750251256281445e+02,5.026548245743669213e+03,5.024884844596883340e+03,1.386637121724624649e+03,1.386470174212485972e+03,1.386637121724614644e+03,4.755150713636061409e+05,4.753261219290466397e+05,4.755150713636372820e+05
1.018275879396985033e+02,5.026548245743669213e+03,5.024884844596878793e+03,1.386637121724624649e+03,1.386470174212486199e+03,1.386637121724614644e+03,4.755150713636061409e+05,4.753261219290466979e+05,4.755150713636377477e+05
1.030801507537688479e+02,5.026548245743669213e+03,5.024884844596878793e+03,1.386637121724624649e+03,1.386470174212485063e+03,1.386637121724614644e+03,4.755150713636061409e+05,4.753261219290466979e+05,4.755150713636372820e+05
1.043327135678391926e+02,5.026548245743669213e+03,5.024884844596880612e+03,1.386637121724624649e+03,1.386470174212485972e+03,1.386637121724614644e+03,4.755150713636061409e+05,4.753261219290469307e+05,4.755150713636372820e+05
1.055852763819095514e+02,5.026548245743669213e+03,5.024884844596877883e+03,1.386637121724624649e+03,1.386470174212486199e+03,1.386637121724614644e+03,4.755150713636061409e+05,4.753261219290468143e+05,4.755150713636372820e+05
1.068378391959799103e+02,5.026548245743669213e+03,5.024884844596885159e+03,1.386637121724624649e+03,1.386470174212484153e+03,1.386637121724614644e+03,4.755150713636061409e+05,4.753261219290468725e+05,4.755150713636372820e+05
1.080904020100502549e+02,5.026548245743669213e+03,5.024884844596881521e+03,1.386637121724624649e+03,1.386470174212486882e+03,1.386637121724614644e+03,4.755150713636061409e+05,4.753261219290469307e+05,4.755150713636372820e+05
1.093429648241205996e+02,5.026548245743669213e+03,5.024884844596887888e+03,1.386637121724624649e+03,1.386470174212486199e+03,1.386637121724614644e+03,4.755150713636061409e+05,4.753261219290465815e+05,4.755150713636377477e+05
1.105955276381909584e+02,5.026548245743669213e+03,5.024884844596876974e+03,1.386637121724624649e+03,1.386470174212484835e+03,1.386637121724614644e+03,4.755150713636061409e+05,4.753261219290466397e+05,4.755150713636377477e+05
1.118480904522613173e+02,5.026548245743669213e+03,5.024884844596886978e+03,1.386637121724624649e+03,1.386470174212485745e+03,1.386637121724614644e+03,4.755150713636061409e+05,4.753261219290467561e+05,4.755150713636372820e+05
1.131006532663316619e+02,5.026548245743669213e+03,5.024884844596876064e+03,1.386637121724624649e+03,1.386470174212486199e+03,1.386637121724614644e+03,4.755150713636061409e+05,4.753261219290468725e+05,4.755150713636372820e+05
1.143532160804020066e+02,5.026548245743669213e+03,5.024884844596878793e+03,1.386637121724624649e+03,1.386470174212486427e+03,1.386637121724614644e+03,4.755150713636061409e+05,4.753261219290466397e+05,4.755150713636372820e+05
1.156057788944723654e+02,5.026548245743669213e+03,5.024884844596876974e+03,1.386637121724624649e+03,1.386470174212484153e+03,1.386637121724614644e+03,4.755150713636061409e+05,4.753261219290462905e+05,4.755150713636372820e+05
1.168583417085427243e+02,5.026548245743669213e+03,5.024884844596880612e+03,1.386637121724624649e+03,1.386470174212485517e+03,1.386637121724614644e+03,4.755150713636061409e+05,4.753261219290466397e+05,4.755150713636377477e+05
1.181109045226130689e+02,5.026548245743669213e+03,5.024884844596879702e+03,1.386637121724624649e+03,1.386470174212484835e+03,1.386637121724614644e+03,4.755150713636061409e+05,4.753261219290466979e+05,4.755150713636382134e+05
1.193634673366834136e+02,5.026548245743669213e+03,5.024884844596885159e+03,1.386637121724624649e+03,1.386470174212486199e+03,1.386637121724614644e+03,4.755150713636061409e+05,4.753261219290469307e+05,4.755150713636382134e+05
1.206160301507537724e+02,5.026548245743669213e+03,5.024884844596884250e+03,1.386637121724624649e+03,1.386470174212486199e+03,1.386637121724614644e+03,4.755150713636061409e+05,4.753261219290470472e+05,4.755150713636382134e+05
1.218685929648241313e+02,5.026548245743669213e+03,5.024884844596883340e+03,1.386637121724624649e+03,1.386470174212486199e+03,1.386637121724614644e+03,4.755150713636061409e+05,4.753261219290468143e+05,4.755150713636382134e+05
1.231211557788944759e+02,5.026548245743669213e+03,5.024884844596883340e+03,1.386637121724624649e+03,1.386470174212485063e+03,1.386637121724614644e+03,4.755150713636061409e+05,4.753261219290466397e+05,4.755150713636377477e+05
1.243737185929648206e+02,5.026548245743669213e+03,5.024884844596883340e+03,1.386637121724624649e+03,1.386470174212485290e+03,1.386637121724614644e+03,4.755150713636061409e+05,4.753261219290465233e+05,4.755150713636382134e+05
1.256262814070351794e+02,5.026548245743669213e+03,5.024884844596880612e+03,1.386637121724624649e+03,1.386470174212485972e+03,1.386637121724614644e+03,4.755150713636061409e+05,4.753261219290464651e+05,4.755150713636382134e+05
1.268788442211055383e+02,5.026548245743669213e+03,5.024884844596876064e+03,1.386637121724624649e+03,1.386470174212485972e+03,1.386637121724614644e+03,4.755150713636061409e+05,4.753261219290468143e+05,4.755150713636382134e+05
1.281314070351758687e+02,5.026548245743669213e+03,5.024884844596879702e+03,1.386637121724624649e+03,1.386470174212485290e+03,1.386637121724614644e+03,4.755150713636061409e+05,4.753261219290465233e+05,4.755150713636382134e+05
1.293839698492462276e+02,5.026548245743669213e+03,5.024884844596883340e+03,1.386637121724624649e+03,1.386470174212485972e+03,1.386637121724614644e+03,4.755150713636061409e+05,4.753261219290469307e+05,4.755150713636382134e+05
1.306365326633165864e+02,5.026548245743669213e+03,5.024884844596879702e+03,7.866371217246246488e+02,7.864701742124850625e+02,7.866371217246148717e+02,3.809621829575051670e+05,3.807674753925578552e+05,3.809621829574846779e+05
1.318890954773869453e+02,5.026548245743669213e+03,5.024884844596879702e+03,7.866371217246246488e+02,7.864701742124858583e+02,7.866371217246148717e+02,3.809621829575051670e+05,3.807674753925580881e+05,3.809621829574846779e+05
1.331416582914573041e+02,5.026548245743669213e+03,5.024884844596879702e+03,7.866371217246246488e+02,7.864701742124848352e+02,7.866371217246148717e+02,3.809621829575051670e+05,3.807674753925577970e+05,3.809621829574849107e+05
1.343942211055276346e+02,5.026548245743669213e+03,5.024884844596885159e+03,7.866371217246246488e+02,7.864701742124849488e+02,7.866371217246148717e+02,3.809621829575051670e+05,3.807674753925578552e+05,3.809621829574849107e+05
1.356467839195979934e+02,5.026548245743669213e+03,5.024884844596879702e+03,7.866371217246246488e+02,7.864701742124859720e+02,7.866371217246148717e+02,3.809621829575051670e+05,3.807674753925582045e+05,3.809621829574849107e+05
1.368993467336683523e+02,5.026548245743669213e+03,5.024884844596880612e+03,7.866371217246246488e+02,7.864701742124857446e+02,7.866371217246148717e+02,3.809621829575051670e+05,3.807674753925578552e+05,3.809621829574849107e+05
1.381519095477386827e+02,5.026548245743669213e+03,5.024884844596876974e+03,7.866371217246246488e+02,7.864701742124851762e+02,7.866371217246148717e+02,3.809621829575051670e+05,3.807674753925576806e+05,3.809621829574849107e+05
1.394044723618090416e+02,5.026548245743669213e+03,5.024884844596882431e+03,7.866371217246246488e+02,7.864701742124850625e+02,7.866371217246148717e+02,3.809621829575051670e+05,3.807674753925576806e+05,3.809621829574849107e+05
1.406570351758794004e+02,5.026548245743669213e+03,5.024884844596879702e+03,7.866371217246246488e+02,7.864701742124841530e+02,7.866371217246148717e+02,3.809621829575051670e+05,3.807674753925579134e+05,3.809621829574849107e+05
1.419095979899497593e+02,5.026548245743669213e+03,5.024884844596886978e+03,7.866371217246246488e+02,7.864701742124850625e+02,7.866371217246148717e+02,3.809621829575051670e+05,3.807674753925578552e+05,3.809621829574849107e+05
1.431621608040201181e+02,5.026548245743669213e+03,5.024884844596879702e+03,7.866371217246246488e+02,7.864701742124859720e+02,7.866371217246148717e+02,3.809621829575051670e+05,3.807674753925579134e+05,3.809621829574849107e+05
1.444147236180904486e+02,5.026548245743669213e+03,5.024884844596879702e+03,7.866371217246246488e+02,7.864701742124858583e+02,7.866371217246148717e+02,3.809621829575051670e+05,3.807674753925578552e+05,3.809621829574849107e+05
1.456672864321608074e+02,5.026548245743669213e+03,5.024884844596882431e+03,7.866371217246246488e+02,7.864701742124860857e+02,7.866371217246148717e+02,3.809621829575051670e+05,3.807674753925579134e+05,3.809621829574849107e+05
1.469198492462311663e+02,5.026548245743669213e+03,5.024884844596884250e+03,7.866371217246246488e+02,7.864701742124860857e+02,7.866371217246148717e+02,3.809621829575051670e+05,3.807674753925582045e+05,3.809621829574849107e+05
1.481724120603014967e+02,5.026548245743669213e+03,5.024884844596876064e+03,7.866371217246246488e+02,7.864701742124851762e+02,7.866371217246148717e+02,3.809621829575051670e+05,3.807674753925579134e+05,3.809621829574849107e+05
1.494249748743718555e+02,5.026548245743669213e+03,5.024884844596882431e+03,7.866371217246246488e+02,7.864701742124855173e+02,7.866371217246148717e+02,3.809621829575051670e+05,3.807674753925579134e+05,3.809621829574849107e+05
1.506775376884422144e+02,5.234961502895601370e+03,5.233427947850211240e+03,9.950503788765571471e+02,9.949849999316309095e+02,9.950503788765249737e+02,7.006845092344934819e+05,7.005823678174045635e+05,7.006845092345164157e+05
1.519301005025125733e+02,5.234961502895601370e+03,5.233427947850215787e+03,9.950503788765571471e+02,9.949849999316335243e+02,9.950503788765249737e+02,7.006845092344934819e+05,7.005823678174061934e+05,7.006845092345164157e+05
1.531826633165829321e+02,5.234961502895601370e+03,5.233427947850207602e+03,9.950503788765571471e+02,9.949849999316336380e+02,9.950503788765249737e+02,7.006845092344934819e+05,7.005823678174060769e+05,7.006845092345164157e+05
1.544352261306532625e+02,5.234961502895601370e+03,5.233427947850213968e+03,9.950503788765571471e+02,9.949849999316329558e+02,9.950503788765249737e+02,7.006845092344934819e+05,7.005823678174054949e+05,7.006845092345164157e+05
1.556877889447236214e+02,5.234961502895601370e+03,5.233427947850212149e+03,9.950503788765571471e+02,9.949849999316307958e+02,9.950503788765249737e+02,7.006845092344934819e+05,7.005823678174056113e+05,7.006845092345164157e+05
1.569403517587939803e+02,5.234961502895601370e+03,5.233427947850213059e+03,9.950503788765571471e+02,9.949849999316329558e+02,9.950503788765249737e+02,7.006845092344934819e+05,7.005823678174058441e+05,7.006845092345164157e+05
1.581929145728643107e+02,5.234961502895601370e+03,5.233427947850211240e+03,9.950503788765571471e+02,9.949849999316326148e+02,9.950503788765249737e+02,7.006845092344934819e+05,7.005823678174063098e+05,7.006845092345164157e+05
1.594454773869346695e+02,5.234961502895601370e+03,5.233427947850211240e+03,9.950503788765571471e+02,9.949849999316329558e+02,9.950503788765249737e+02,7.006845092344934819e+05,7.005823678174058441e+05,7.006845092345164157e+05
1.606980402010050284e+02,5.234961502895601370e+03,5.233427947850214878e+03,9.950503788765571471e+02,9.949849999316306821e+02,9.950503788765249737e+02,7.006845092344934819e+05,7.005823678174056113e+05,7.006845092345164157e+05
1.619506030150753872e+02,5.234961502895601370e+03,5.233427947850214878e+03,9.950503788765571471e+02,9.949849999316346612e+02,9.950503788765249737e+02,7.006845092344934819e+05,7.005823678174059605e+05,7.006845092345164157e+05
1.632031658291457461e+02,5.234961502895601370e+03,5.233427947850207602e+03,9.950503788765571471e+02,9.949849999316346612e+02,9.950503788765249737e+02,7.006845092344934819e+05,7.005823678174060769e+05,7.006845092345164157e+05
1.644557286432160765e+02,5.234961502895601370e+03,5.233427947850210330e+03,9.950503788765571471e+02,9.949849999316348885e+02,9.950503788765249737e+02,7.006845092344934819e+05,7.005823678174070083e+05,7.006845092345164157e+05
1.657082914572864354e+02,5.234961502895601370e+03,5.233427947850211240e+03,9.950503788765571471e+02,9.949849999316328422e+02,9.950503788765249737e+02,7.006845092344934819e+05,7.005823678174060769e+05,7.006845092345164157e+05
1.669608542713567942e+02,5.234961502895601370e+03,5.233427947850213059e+03,9.950503788765571471e+02,9.949849999316328422e+02,9.950503788765249737e+02,7.006845092344934819e+05,7.005823678174056113e+05,7.006845092345164157e+05
1.682134170854271247e+02,5.234961502895601370e+03,5.233427947850216697e+03,9.950503788765571471e+02,9.949849999316327285e+02,9.950503788765249737e+02,7.006845092344934819e+05,7.005823678174063098e+05,7.006845092345164157e+05
1.694659798994974835e+02,5.234961502895601370e+03,5.233427947850213968e+03,9.950503788765571471e+02,9.949849999316319327e+02,9.950503788765249737e+02,7.006845092344934819e+05,7.005823678174056113e+05,7.006845092345164157e+05
1.707185427135678424e+02,5.234961502895601370e+03,5.233427947850213059e+03,9.950503788765571471e+02,9.949849999316327285e+02,9.950503788765249737e+02,7.006845092344934819e+05,7.005823678174056113e+05,7.006845092345164157e+05
1.719711055276382012e+02,5.234961502895601370e+03,5.233427947850217606e+03,9.950503788765571471e+02,9.949849999316317053e+02,9.950503788765249737e+02,7.006845092344934819e+05,7.005823678174056113e+05,7.006845092345164157e+05
1.732236683417085601e+02,5.234961502895601370e+03,5.233427947850207602e+03,9.950503788765571471e+02,9.949849999316336380e+02,9.950503788765249737e+02,7.006845092344934819e+05,7.005823678174058441e+05,7.006845092345164157e+05
1.744762311557788905e+02,5.234961502895601370e+03,5.233427947850216697e+03,9.950503788765571471e+02,9.949849999316328422e+02,9.950503788765249737e+02,7.006845092344934819e+05,7.005823678174056113e+05,7.006845092345164157e+05
1.757287939698492494e+02,5.234961502895601370e+03,5.233427947850213968e+03,9.950503788765571471e+02,9.949849999316318190e+02,9.950503788765249737e+02,7.006845092344934819e+05,7.005823678174058441e+05,7.006845092345159501e+05
1.769813567839196082e+02,5.234961502895601370e+03,5.233427947850213968e+03,9.950503788765571471e+02,9.949849999316327285e+02,9.950503788765249737e+02,7.006845092344934819e+05,7.005823678174063098e+05,7.006845092345164157e+05
1.782339195979899387e+02,5.234961502895601370e+03,5.233427947850212149e+03,9.950503788765571471e+02,9.949849999316344338e+02,9.950503788765249737e+02,7.006845092344934819e+05,7.005823678174057277e+05,7.006845092345164157e+05
1.794864824120602975e+02,5.234961502895601370e+03,5.233427947850212149e+03,9.950503788765571471e+02,9.949849999316345475e+02,9.950503788765249737e+02,7.006845092344934819e+05,7.005823678174065426e+05,7.006845092345166486e+05
1.807390452261306564e+02,5.234961502895601370e+03,5.233427947850214878e+03,9.950503788765571471e+02,9.949849999316318190e+02,9.950503788765249737e+02,7.006845092344934819e+05,7.005823678174054949e+05,7.006845092345164157e+05
1.819916080402010152e+02,5.234961502895601370e+03,5.233427947850211240e+03,9.950503788765571471e+02,9.949849999316327285e+02,9.950503788765249737e+02,7.006845092344934819e+05,7.005823678174060769e+05,7.006845092345164157e+05
1.832441708542713741e+02,5.234961502895601370e+03,5.233427947850213968e+03,9.950503788765571471e+02,9.949849999316315916e+02,9.950503788765249737e+02,7.006845092344934819e+05,7.005823678174058441e+05,7.006845092345154844e+05
1.844967336683417045e+02,5.234961502895601370e+03,5.233427947850213059e+03,9.950503788765571471e+02,9.949849999316319327e+02,9.950503788765249737e+02,7.006845092344934819e+05,7.005823678174054949e+05,7.006845092345173471e+05
1.857492964824120634e+02,5.234961502895601370e+03,5.233427947850214878e+03,9.950503788765571471e+02,9.949849999316314779e+02,9.950503788765249737e+02,7.006845092344934819e+05,7.005823678174058441e+05,7.006845092345173471e+05
1.870018592964824222e+02,5.234961502895601370e+03,5.233427947850213059e+03,9.950503788765571471e+02,9.949849999316318190e+02,9.950503788765249737e+02,7.006845092344934819e+05,7.005823678174056113e+05,7.006845092345173471e+05
1.882544221105527527e+02,5.234961502895601370e+03,5.233427947850211240e+03,9.950503788765571471e+02,9.949849999316327285e+02,9.950503788765249737e+02,7.006845092344934819e+05,7.005823678174060769e+05,7.006845092345173471e+05
1.895069849246231115e+02,5.234961502895601370e+03,5.233427947850212149e+03,9.950503788765571471e+02,9.949849999316335243e+02,9.950503788765249737e+02,7.006845092344934819e+05,7.005823678174058441e+05,7.006845092345173471e+05
1.907595477386934704e+02,5.234961502895601370e+03,5.233427947850221244e+03,9.950503788765571471e+02,9.949849999316347748e+02,9.950503788765249737e+02,7.006845092344934819e+05,7.005823678174065426e+05,7.006845092345173471e+05
1.920121105527638292e+02,5.234961502895601370e+03,5.233427947850212149e+03,9.950503788765571471e+02,9.949849999316312505e+02,9.950503788765249737e+02,7.006845092344934819e+05,7.005823678174053784e+05,7.006845092345173471e+05
1.932646733668341881e+02,5.234961502895601370e+03,5.233427947850203054e+03,9.950503788765571471e+02,9.949849999316320464e+02,9.950503788765249737e+02,7.006845092344934819e+05,7.005823678174054949e+05,7.006845092345175799e+05
1.945172361809045185e+02,5.234961502895601370e+03,5.233427947850215787e+03,9.950503788765571471e+02,9.949849999316326148e+02,9.950503788765249737e+02,7.006845092344934819e+05,7.005823678174061934e+05,7.006845092345175799e+05
1.957697989949748774e+02,5.234961502895601370e+03,5.233427947850212149e+03,9.950503788765571471e+02,9.949849999316337517e+02,9.950503788765249737e+02,7.006845092344934819e+05,7.005823678174056113e+05,7.006845092345175799e+05
1.970223618090452362e+02,5.234961502895601370e+03,5.233427947850214878e+03,9.950503788765571471e+02,9.949849999316334106e+02,9.950503788765249737e+02,7.006845092344934819e+05,7.005823678174051456e+05,7.006845092345175799e+05
1.982749246231155666e+02,5.234961502895601370e+03,5.233427947850208511e+03,9.950503788765571471e+02,9.949849999316325011e+02,9.950503788765249737e+02,7.006845092344934819e+05,7.005823678174058441e+05,7.006845092345175799e+05
1.995274874371859255e+02,5.234961502895601370e+03,5.233427947850213059e+03,9.950503788765571471e+02,9.949849999316320464e+02,9.950503788765249737e+02,7.006845092344934819e+05,7.005823678174054949e+05,7.006845092345175799e+05
2.007800502512562844e+02,5.026548245743669213e+03,5.024884844596884250e+03,7.866371217246246488e+02,7.864701742124858583e+02,7.866371217246148717e+02,3.809621829575051670e+05,3.807674753925578552e+05,3.809621829574860749e+05
2.020326130653266432e+02,5.026548245743669213e+03,5.024884844596886069e+03,7.866371217246246488e+02,7.864701742124860857e+02,7.866371217246148717e+02,3.809621829575051670e+05,3.807674753925579134e+05,3.809621829574860749e+05
2.032851758793970021e+02,5.026548245743669213e+03,5.024884844596882431e+03,7.866371217246246488e+02,7.864701742124860857e+02,7.866371217246148717e+02,3.809621829575051670e+05,3.807674753925581463e+05,3.809621829574860749e+05
2.045377386934673325e+02,5.026548245743669213e+03,5.024884844596880612e+03,7.866371217246246488e+02,7.864701742124850625e+02,7.866371217246148717e+02,3.809621829575051670e+05,3.807674753925579134e+05,3.809621829574860749e+05
2.057903015075376914e+02,5.026548245743669213e+03,5.024884844596885159e+03,7.866371217246246488e+02,7.864701742124850625e+02,7.866371217246148717e+02,3.809621829575051670e+05,3.807674753925581463e+05,3.809621829574860749e+05
2.070428643216080502e+02,5.026548245743669213e+03,5.024884844596878793e+03,7.866371217246246488e+02,7.864701742124848352e+02,7.866371217246148717e+02,3.809621829575051670e+05,3.807674753925578552e+05,3.809621829574860749e+05
2.082954271356783806e+02,5.026548245743669213e+03,5.024884844596876064e+03,7.866371217246246488e+02,7.864701742124861994e+02,7.866371217246148717e+02,3.809621829575051670e+05,3.807674753925579134e+05,3.809621829574860749e+05
2.095479899497487395e+02,5.026548245743669213e+03,5.024884844596876064e+03,7.866371217246246488e+02,7.864701742124860857e+02,7.866371217246148717e+02,3.809621829575051670e+05,3.807674753925576806e+05,3.809621829574860749e+05
2.108005527638190983e+02,5.026548245743669213e+03,5.024884844596879702e+03,7.866371217246246488e+02,7.864701742124859720e+02,7.866371217246148717e+02,3.809621829575051670e+05,3.807674753925579716e+05,3.809621829574860749e+05
2.120531155778894572e+02,5.026548245743669213e+03,5.024884844596880612e+03,7.866371217246246488e+02,7.864701742124856310e+02,7.866371217246148717e+02,3.809621829575051670e+05,3.807674753925578552e+05,3.809621829574860749e+05
2.133056783919598161e+02,5.026548245743669213e+03,5.024884844596886069e+03,7.866371217246246488e+02,7.864701742124860857e+02,7.866371217246148717e+02,3.809621829575051670e+05,3.807674753925581463e+05,3.809621829574860749e+05
2.145582412060301465e+02,5.026548245743669213e+03,5.024884844596882431e+03,7.866371217246246488e+02,7.864701742124859720e+02,7.866371217246148717e+02,3.809621829575051670e+05,3.807674753925581463e+05,3.809621829574860749e+05
2.158108040201005053e+02,5.026548245743669213e+03,5.024884844596878793e+03,7.866371217246246488e+02,7.864701742124851762e+02,7.866371217246148717e+02,3.809621829575051670e+05,3.807674753925579134e+05,3.809621829574860749e+05
2.170633668341708642e+02,5.026548245743669213e+03,5.024884844596876974e+03,7.866371217246246488e+02,7.864701742124859720e+02,7.866371217246148717e+02,3.809621829575051670e+05,3.807674753925579134e+05,3.809621829574860749e+05
2.183159296482411946e+02,5.026548245743669213e+03,5.024884844596878793e+03,7.866371217246246488e+02,7.864701742124859720e+02,7.866371217246148717e+02,3.809621829575051670e+05,3.807674753925581463e+05,3.809621829574860749e+05
2.195684924623115535e+02,5.026548245743669213e+03,5.024884844596886069e+03,7.866371217246246488e+02,7.864701742124858583e+02,7.866371217246148717e+02,3.809621829575051670e+05,3.807674753925578552e+05,3.809621829574860749e+05
2.208210552763819123e+02,5.026548245743669213e+03,5.024884844596880612e+03,5.466371217246246488e+02,5.464701742124851762e+02,5.466371217246148717e+02,3.803851759698542883e+05,3.801911867506082053e+05,3.803851759698381647e+05
2.220736180904522712e+02,5.026548245743669213e+03,5.024884844596879702e+03,5.466371217246246488e+02,5.464701742124851762e+02,5.466371217246148717e+02,3.803851759698542883e+05,3.801911867506082053e+05,3.803851759698381647e+05
2.233261809045226300e+02,5.026548245743669213e+03,5.024884844596884250e+03,5.466371217246246488e+02,5.464701742124860857e+02,5.466371217246148717e+02,3.803851759698542883e+05,3.801911867506082635e+05,3.803851759698381647e+05
2.245787437185929605e+02,5.026548245743669213e+03,5.024884844596881521e+03,5.466371217246246488e+02,5.464701742124852899e+02,5.466371217246148717e+02,3.803851759698542883e+05,3.801911867506082635e+05,3.803851759698381647e+05
2.258313065326633193e+02,5.026548245743669213e+03,5.024884844596876064e+03,5.466371217246246488e+02,5.464701742124864268e+02,5.466371217246148717e+02,3.803851759698542883e+05,3.801911867506082635e+05,3.803851759698381647e+05
2.270838693467336782e+02,5.026548245743669213e+03,5.024884844596876064e+03,5.466371217246246488e+02,5.464701742124850625e+02,5.466371217246148717e+02,3.803851759698542883e+05,3.801911867506082053e+05,3.803851759698381647e+05
2.283364321608040086e+02,5.026548245743669213e+03,5.024884844596879702e+03,5.466371217246246488e+02,5.464701742124851762e+02,5.466371217246148717e+02,3.803851759698542883e+05,3.801911867506079725e+05,3.803851759698381647e+05
2.295889949748743675e+02,5.026548245743669213e+03,5.024884844596883340e+03,5.466371217246246488e+02,5.464701742124852899e+02,5.466371217246148717e+02,3.803851759698542883e+05,3.801911867506084964e+05,3.803851759698381647e+05
2.308415577889447263e+02,5.026548245743669213e+03,5.024884844596885159e+03,5.466371217246246488e+02,5.464701742124850625e+02,5.466371217246148717e+02,3.803851759698542883e+05,3.801911867506079725e+05,3.803851759698381647e+05
2.320941206030150852e+02,5.026548245743669213e+03,5.024884844596878793e+03,5.466371217246246488e+02,5.464701742124861994e+02,5.466371217246148717e+02,3.803851759698542883e+05,3.801911867506082635e+05,3.803851759698381647e+05
2.333466834170854440e+02,5.026548245743669213e+03,5.024884844596883340e+03,5.466371217246246488e+02,5.464701742124848352e+02,5.466371217246148717e+02,3.803851759698542883e+05,3.801911867506080307e+05,3.803851759698381647e+05
2.345992462311557745e+02,5.026548245743669213e+03,5.024884844596880612e+03,5.466371217246246488e+02,5.464701742124871089e+02,5.466371217246148717e+02,3.803851759698542883e+05,3.801911867506082635e+05,3.803851759698381647e+05
2.358518090452261333e+02,5.026548245743669213e+03,5.024884844596874245e+03,5.466371217246246488e+02,5.464701742124860857e+02,5.466371217246148717e+02,3.803851759698542883e+05,3.801911867506082635e+05,3.803851759698381647e+05
2.371043718592964922e+02,5.026548245743669213e+03,5.024884844596881521e+03,5.466371217246246488e+02,5.464701742124851762e+02,5.466371217246148717e+02,3.803851759698542883e+05,3.801911867506082635e+05,3.803851759698381647e+05
2.383569346733668226e+02,5.026548245743669213e+03,5.024884844596877883e+03,5.466371217246246488e+02,5.464701742124861994e+02,5.466371217246148717e+02,3.803851759698542883e+05,3.801911867506080307e+05,3.803851759698381647e+05
2.396094974874371815e+02,5.026548245743669213e+03,5.024884844596882431e+03,5.466371217246246488e+02,5.464701742124858583e+02,5.466371217246148717e+02,3.803851759698542883e+05,3.801911867506084382e+05,3.803851759698381647e+05
2.408620603015075403e+02,5.026548245743669213e+03,5.024884844596881521e+03,5.466371217246246488e+02,5.464701742124850625e+02,5.466371217246148717e+02,3.803851759698542883e+05,3.801911867506082053e+05,3.803851759698381647e+05
2.421146231155778992e+02,5.026548245743669213e+03,5.024884844596876064e+03,5.466371217246246488e+02,5.464701742124863131e+02,5.466371217246148717e+02,3.803851759698542883e+05,3.801911867506082053e+05,3.803851759698381647e+05
2.433671859296482580e+02,5.026548245743669213e+03,5.024884844596876974e+03,5.466371217246246488e+02,5.464701742124840393e+02,5.466371217246148717e+02,3.803851759698542883e+05,3.801911867506079725e+05,3.803851759698381647e+05
2.446197487437185885e+02,5.026548245743669213e+03,5.024884844596884250e+03,5.026548245743669213e+03,5.024884844596881521e+03,5.026548245743665575e+03,2.010619298297467642e+06,2.009288841589853168e+06,2.010619298297373345e+06
2.458723115577889473e+02,5.026548245743669213e+03,5.024884844596877883e+03,5.026548245743669213e+03,5.024884844596881521e+03,5.026548245743665575e+03,2.010619298297467642e+06,2.009288841589853168e+06,2.010619298297373345e+06
2.471248743718593062e+02,5.026548245743669213e+03,5.024884844596884250e+03,5.026548245743669213e+03,5.024884844596881521e+03,5.026548245743665575e+03,2.010619298297467642e+06,2.009288841589853168e+06,2.010619298297373345e+06
2.483774371859296366e+02,5.026548245743669213e+03,5.024884844596883340e+03,5.026548245743669213e+03,5.024884844596881521e+03,5.026548245743665575e+03,2.010619298297467642e+06,2.009288841589853400e+06,2.010619298297373345e+06
2.496299999999999955e+02,5.026548245743669213e+03,5.024884844596880612e+03,5.026548245743669213e+03,5.024884844596881521e+03,5.026548245743665575e+03,2.010619298297467642e+06,2.009288841589853168e+06,2.010619298297373345e+06
