"Time_Iter","Outer_Iter","Inner_Iter",    "Time(sec)"   ,    "Time(sec)"   ,    "rms[Rho]"    ,    "rms[RhoU]"   ,    "rms[RhoV]"   ,    "rms[RhoW]"   ,    "rms[RhoE]"   ,"Linear_Solver_Iterations",    "LinSolRes"   ,     "Min DT"     ,     "Max DT"     ,     "Min CFL"    ,     "Max CFL"    ,     "Avg CFL"    ,    "RefForce"    ,       "CD"       ,       "CL"       ,       "CSF"      ,       "CMx"      ,       "CMy"      ,       "CMz"      ,       "CFx"      ,       "CFy"      ,       "CFz"      ,      "CEff"      ,   "relrms[Rho]"  ,  "relrms[RhoU]"  ,  "relrms[RhoV]"  ,  "relrms[RhoW]"  ,  "relrms[RhoE]"  ,    "CD(nose)"    ,    "CD(body)"    ,    "CD(fins)"    ,    "CD(base)"    ,    "CL(nose)"    ,    "CL(body)"    ,    "CL(fins)"    ,    "CL(base)"    ,    "CSF(nose)"   ,    "CSF(body)"   ,    "CSF(fins)"   ,    "CSF(base)"   ,    "CMx(nose)"   ,    "CMx(body)"   ,    "CMx(fins)"   ,    "CMx(base)"   ,    "CMy(nose)"   ,    "CMy(body)"   ,    "CMy(fins)"   ,    "CMy(base)"   ,    "CMz(nose)"   ,    "CMz(body)"   ,    "CMz(fins)"   ,    "CMz(base)"   ,    "CFx(nose)"   ,    "CFx(body)"   ,    "CFx(fins)"   ,    "CFx(base)"   ,    "CFy(nose)"   ,    "CFy(body)"   ,    "CFy(fins)"   ,    "CFy(base)"   ,    "CFz(nose)"   ,    "CFz(body)"   ,    "CFz(fins)"   ,    "CFz(base)"   ,   "CEff(nose)"   ,   "CEff(body)"   ,   "CEff(fins)"   ,   "CEff(base)"   
          0,           0,           0,       1.275429726,       1.275429726,      -5.790387212,       -6.00014443,      -6.936451859,      -6.857279311,       -5.73923469,                         2,       -1.57767981,   8.560202458e-05,      0.1363337988,               2.5,              5.25,       5.246824855,      0.0039269908,      -0.132516894,      0.7031626356,   0.0009023662007,   0.0006539907261,      -4.509796589,    -0.01340493879,     -0.1812442355,   0.0009023662007,      0.6922058555,      -5.306211263,                 0,                 0,                 0,                 0,                 0,     0.08971409011,     0.03232434869,     0.05712534715,       -0.31168068,     0.08837134487,      0.4614038385,      0.1315926159,      0.0217948363,     0.00412494545,   -0.003378622413,    0.000156043164,                 0,  -9.216369563e-06,  -2.560850751e-05,   0.0006888156032,                 0,     -0.1939149713,      -3.025431015,         -1.290537,   8.639772023e-05,    0.007252530661,    -0.02217164416,      0.0015392945,  -2.511979304e-05,      0.0833310777,   5.970345862e-05,     0.04780675582,     -0.3124417724,     0.00412494545,   -0.003378622413,    0.000156043164,                 0,     0.09441421528,      0.4625347145,      0.1352569257,                 0,      0.9850330617,       14.27418826,       2.303576651,    -0.06992681194
          0,           0,           1,       1.286218405,       1.280824065,      -5.672474724,      -5.586734942,      -6.394224598,       -6.32295661,      -5.658898343,                         2,      -1.748561294,   0.0001119015739,      0.1431504888,               2.5,            5.5125,       5.507293962,      0.0039269908,      0.0406143963,      0.9160828623,     0.00498366854,    0.001277437253,      -5.994257876,    0.009356870443,    -0.02338724847,     0.00498366854,      0.9166844476,       22.55561933,                 0,                 0,                 0,                 0,                 0,      0.1183280141,     0.04213817178,     0.07778614463,     -0.1976379342,      0.1232618374,      0.6009769469,      0.1780238874,     0.01382019066,    0.006037250389,   -0.001897035322,   0.0008434534732,                 0,  -1.340327557e-05,  -1.078955426e-05,    0.001301630083,                 0,     -0.2718072514,      -3.974511267,       -1.74856186,   0.0006225025091,     0.01083252012,   -0.009227641946,    0.008222242139,  -0.0004702498747,      0.1094414619,   0.0001134926949,     0.06517834286,     -0.1981205459,    0.006037250389,   -0.001897035322,   0.0008434534732,                 0,      0.1312157227,      0.6024524075,      0.1830163173,                 0,       1.041696155,       14.26205555,       2.288632356,    -0.06992681194
          0,           0,           2,       1.344566107,       1.302071412,      -5.824923831,       -5.77302959,       -6.47051432,      -6.420382216,      -5.797295746,                         2,      -1.600638617,   0.0001191797664,      0.1503080132,               2.5,          5.788125,       5.781120443,      0.0039269908,      0.1765851833,       1.051839233,    0.006925962261,    0.001057710793,      -6.978315564,     0.02481960098,      0.1027824348,    0.006925962261,       1.061594965,         5.9565543,     -0.1524491076,     -0.1862946482,    -0.07628972113,    -0.09742560656,     -0.1383974038,      0.1362584345,     0.04812913628,     0.09520183803,     -0.1030042255,      0.1459963064,       0.686059013,      0.2125811564,    0.007202757106,    0.006585602929,  -0.0009074444647,    0.001247803797,                 0,  -1.529374968e-05,  -4.576128674e-06,    0.001077580672,                 0,     -0.3231729956,      -4.564030678,      -2.092286386,    0.001174494965,     0.01216266383,    0.001104651734,     0.01233850215,  -0.0007862167374,      0.1257423283,   0.0001548385969,     0.08014101928,     -0.1032557513,    0.006585602929,  -0.0009074444647,    0.001247803797,                 0,      0.1551455746,      0.6877451266,      0.2187042639,                 0,       1.071466195,       14.25454654,       2.232952229,    -0.06992681194
          0,           0,           3,       1.217544556,       1.280939698,      -5.916515631,       -5.88766676,       -6.49628821,      -6.459877153,      -5.889027811,                         2,      -1.499561272,    0.000126213661,      0.1578234139,               2.5,        6.07753125,       6.068931884,      0.0039269908,      0.2800668046,       1.121928859,    0.006614384378,    0.000858836168,      -7.520893293,     0.02973704345,      0.2011227749,    0.006614384378,       1.138732369,       4.005933015,     -0.2440409069,     -0.3009318174,     -0.1020636118,     -0.1369205436,     -0.2301294684,      0.1459249645,     0.05086766142,      0.1076898697,    -0.02441569104,      0.1598177606,      0.7247518444,      0.2356519424,    0.001707311436,    0.005996317315,  -0.0005828650881,     0.00120093215,                 0,  -1.496805073e-05,  -1.326918143e-06,   0.0008751311369,                 0,     -0.3548783738,      -4.844740684,      -2.322764682,    0.001490446649,     0.01127700969,     0.00742897378,     0.01205474854,    -0.00102368855,      0.1344211752,   0.0001876173471,     0.09098929402,    -0.02447531167,    0.005996317315,  -0.0005828650881,     0.00120093215,                 0,      0.1696076635,       0.726534734,      0.2425899717,                 0,       1.095205067,        14.2477917,       2.188246147,    -0.06992681194
          0,           0,           4,       1.158699036,       1.256491566,      -5.975247215,       -5.95858836,      -6.505312868,      -6.476327603,      -5.951850619,                         2,       -1.43160907,   0.0001336378927,      0.1657145845,               2.5,       6.381407813,       6.371262526,      0.0039269908,      0.3514734291,       1.137502602,    0.004886610294,    0.000791465317,      -7.694226416,     0.02801272399,      0.2712690871,    0.004886610294,        1.15924925,       3.236382919,     -0.3027724913,     -0.3718534178,     -0.1110882698,      -0.153370993,      -0.292952276,      0.1488686874,     0.05089053794,       0.116477898,     0.03523630571,      0.1660412413,      0.7248210841,      0.2491042394,   -0.002463962523,    0.004679366737,  -0.0008199946016,    0.001027238159,                 0,  -1.280537345e-05,   1.632481957e-06,   0.0008026382085,                 0,     -0.3695612209,      -4.867852746,      -2.458406835,    0.001594385811,    0.008835037268,    0.009897504931,     0.01052866314,    -0.00124848135,      0.1369235993,   0.0002056082224,     0.09881753039,     0.03532234918,    0.004679366737,  -0.0008199946016,    0.001027238159,                 0,      0.1760213279,      0.7266054009,      0.2566225215,                 0,         1.1153537,       14.24274754,        2.13863955,    -0.06992681194
          0,           0,           5,       1.244969845,       1.254571279,      -6.007531838,      -5.995346446,      -6.507843295,      -6.483136348,      -5.988842171,                         2,       -1.39437722,   0.0001413559651,      0.1740003137,               2.5,       6.700478203,       6.688809077,      0.0039269908,       0.399020727,       1.110243705,    0.002292211482,   0.0007462927055,      -7.576581982,     0.02191683955,      0.3206020468,    0.002292211482,       1.135373486,       2.782421137,     -0.3350571145,     -0.4086115042,     -0.1136186962,      -0.160179738,     -0.3299438281,      0.1467608915,     0.04874996171,       0.122557276,     0.08095259778,       0.166404757,      0.6941638441,      0.2553358611,   -0.005660757081,    0.002918014349,   -0.001440339976,   0.0008145371098,                 0,  -9.778252599e-06,   5.039432116e-06,    0.000751031526,                 0,     -0.3709149422,      -4.684782297,      -2.522612807,    0.001728064108,    0.005372814177,    0.009266395788,    0.008590531852,   -0.001312902271,      0.1347955803,   0.0002087872907,      0.1044474034,     0.08115027577,    0.002918014349,   -0.001440339976,   0.0008145371098,                 0,      0.1762369257,      0.6958735212,      0.2632630392,                 0,       1.133849456,       14.23926952,       2.083400262,    -0.06992681194
          0,           0,           6,       1.261997461,       1.255632162,      -6.019712665,      -6.007816474,      -6.505907091,      -6.483949749,      -6.004114628,                         2,      -1.373842465,   0.0001494256255,      0.1827003291,               2.5,       7.035502113,        7.02244544,      0.0039269908,      0.4274901594,       1.052949817,  -0.0003622557558,   0.0007067230992,      -7.253015362,     0.01437148306,      0.3529987486,  -0.0003622557558,        1.08020509,       2.463097206,     -0.3472379417,     -0.4210815319,     -0.1116824929,     -0.1609931388,      -0.345216285,      0.1413283533,     0.04503306766,      0.1266545253,      0.1144742131,      0.1627223254,      0.6411259325,      0.2571063758,   -0.008004816771,    0.001190282753,    -0.00217982247,   0.0006272839612,                 0,  -7.023841034e-06,   8.991985481e-06,   0.0007047549548,                 0,     -0.3628547288,      -4.349877697,      -2.542243787,    0.001960850456,     0.00193521204,    0.007026321663,    0.006866363682,   -0.001456414329,      0.1296331489,   0.0002006850975,      0.1084111671,      0.1147537475,    0.001190282753,    -0.00217982247,   0.0006272839612,                 0,      0.1721845095,      0.6427055299,      0.2653150507,                 0,       1.151377778,       14.23678123,       2.029981758,    -0.06992681194
          0,           0,           7,       1.226320028,       1.251968145,      -6.017466099,      -6.004891551,      -6.497717769,      -6.478224396,      -6.005085962,                         2,      -1.367523518,   0.0001577989327,      0.1918353441,               2.5,       7.387277219,        7.37295809,      0.0039269908,      0.4423696513,      0.9776542436,   -0.002499712641,   0.0007388725581,       -6.80325389,    0.008108474118,      0.3730943485,   -0.002499712641,       1.006130874,        2.21003914,     -0.3449913749,     -0.4181566087,     -0.1034931705,     -0.1552677861,     -0.3461876192,      0.1340621103,      0.0403034583,      0.1293851121,      0.1386189705,      0.1567014789,       0.573719773,      0.2569261744,   -0.009693182684,  -0.0002126816122,   -0.002784338228,   0.0004973071988,                 0,  -5.077324403e-06,   1.352601212e-05,   0.0007304238704,                 0,     -0.3491325909,       -3.91461058,      -2.541777531,    0.002266811477,  -0.0008503425712,    0.004780636112,    0.005673572553,   -0.001495391975,      0.1228045991,   0.0001846128248,      0.1111476726,      0.1389574639,  -0.0002126816122,   -0.002784338228,   0.0004973071988,                 0,       0.165671462,      0.5751336476,      0.2653257643,                 0,       1.168872238,       14.23500109,       1.985747588,    -0.06992681194
          0,           0,           8,       1.278775215,       1.254946709,      -6.009093483,      -5.996631011,      -6.484776322,      -6.467212385,      -6.000265947,                         2,      -1.371567047,   0.0001664415089,      0.2014271056,               2.5,        7.75664108,       7.741174783,      0.0039269908,      0.4474004415,       0.894865149,   -0.003928722227,   0.0008533211996,      -6.298349777,    0.003515709999,      0.3838879592,   -0.003928722227,      0.9238943797,       2.000143643,     -0.3366187598,      -0.409896069,    -0.09055172359,     -0.1442557753,     -0.3413676039,       0.126020939,     0.03509080067,      0.1312279888,      0.1550607131,      0.1493674657,      0.4994851076,      0.2568554771,    -0.01084290132,   -0.001146849694,   -0.003179163196,   0.0003972906628,                 0,  -4.041716352e-06,   1.836549962e-05,   0.0008389974164,                 0,     -0.3321578054,      -3.427342662,      -2.541379577,    0.002530268361,   -0.002674786115,    0.002846953231,    0.004754698806,   -0.001411155923,      0.1152946106,   0.0001630014535,      0.1129909916,      0.1554393555,   -0.001146849694,   -0.003179163196,   0.0003972906628,                 0,      0.1577943903,      0.5007161975,      0.2653837918,                 0,       1.185259108,       14.23407554,       1.957322363,    -0.06992681194
          0,           0,           9,       1.276722908,       1.257124329,      -6.000769704,      -5.989187761,      -6.468931565,      -6.452021608,      -5.995733612,                         2,      -1.377056476,   0.0001753399692,      0.2114984406,               2.5,       8.144473134,       8.127970812,      0.0039269908,      0.4466635141,      0.8131538855,   -0.004664891231,    0.001032853542,      -5.796247502,   0.0003858492071,      0.3888527165,   -0.004664891231,      0.8423307552,       1.820506623,     -0.3282949806,     -0.4024528184,    -0.07470696675,     -0.1290649979,     -0.3368352697,      0.1180588937,     0.02985671102,      0.1325325212,      0.1662153881,      0.1415324843,       0.424977073,      0.2582672403,    -0.01162291219,   -0.001593146206,   -0.003364709168,   0.0002929641429,                 0,  -3.656331992e-06,   2.300093027e-05,    0.001013508944,                 0,     -0.3139138492,       -2.93047123,      -2.554594847,    0.002732424329,     -0.0035160863,    0.001434319341,    0.003793074469,   -0.001325458303,      0.1078985011,   0.0001390795384,      0.1141938667,      0.1666212692,   -0.001593146206,   -0.003364709168,   0.0002929641429,                 0,      0.1494230904,      0.4260245491,      0.2668831157,                 0,       1.198829499,       14.23388774,       1.948708422,    -0.06992681194
          0,           0,          10,       1.329139948,       1.263671203,      -5.993296235,      -5.983155462,      -6.452247309,      -6.434731635,      -5.992320129,                         2,       -1.37299845,   0.0001845282041,      0.2220733013,               2.5,       8.551696791,        8.53423805,      0.0039269908,       0.442723959,      0.7388294018,   -0.004802779741,    0.001266797287,      -5.338502256,    -0.00177388546,      0.3901073719,   -0.004802779741,      0.7679125128,       1.668826335,      -0.320821511,       -0.39642052,    -0.05802271086,     -0.1117750251,     -0.3334217868,      0.1108422801,      0.0249583121,      0.1335361443,      0.1733872225,      0.1338646645,      0.3552650903,      0.2618240627,     -0.0121244157,   -0.001606320496,   -0.003340761309,   0.0001443020651,                 0,  -3.624758795e-06,   2.696110832e-05,    0.001243460937,                 0,     -0.2960205446,      -2.457256993,      -2.588085413,    0.002860694482,   -0.003500069741,   0.0006273756459,    0.002407274278,   -0.001308465642,      0.1012343469,   0.0001154749637,      0.1149469336,      0.1738106164,   -0.001606320496,   -0.003340761309,   0.0001443020651,                 0,      0.1412705435,      0.3561406863,       0.270501283,                 0,       1.207703995,        14.2343396,       1.960698087,    -0.06992681194
          0,           0,          11,       1.239857912,       1.261686762,       -5.98333127,      -5.974876136,       -6.43620126,      -6.416774726,      -5.986551847,                         2,      -1.355254154,   0.0001940375819,      0.2331768028,               2.5,        8.97928163,       8.960889791,      0.0039269908,      0.4370267318,      0.6757827057,   -0.004453295515,    0.001521208726,      -4.949782866,   -0.003022985857,      0.3888219381,   -0.004453295515,      0.7046219767,       1.546318924,     -0.3108565463,     -0.3881411935,    -0.04197666122,    -0.09381811589,     -0.3276535048,      0.1048044168,     0.02063733774,      0.1343487861,      0.1772361911,      0.1268908977,      0.2937767733,      0.2675085965,    -0.01239356181,   -0.001291889812,   -0.003120683944,    -4.0721759e-05,                 0,  -3.699928766e-06,   2.990649019e-05,    0.001495002165,                 0,     -0.2797353117,      -2.031076563,      -2.641874203,    0.002903211979,   -0.002838430191,     0.00044935017,    0.000675452369,   -0.001309358205,     0.09569765696,   9.423444676e-05,      0.1153610628,      0.1776689838,   -0.001291889812,   -0.003120683944,    -4.0721759e-05,                 0,      0.1338925844,      0.2945007358,      0.2762286566,                 0,       1.210739981,       14.23520694,       1.991150082,    -0.06992681194
          0,           0,          12,         1.2190063,        1.25840365,      -5.967010026,      -5.960845433,      -6.422586307,       -6.40082571,      -5.973938808,                         2,      -1.336481459,   0.0002039243003,      0.2448352522,             2.625,       9.428245712,       9.408830945,      0.0039269908,      0.4302755278,      0.6257420901,    -0.00381038625,    0.001753523871,      -4.640131477,   -0.003584878678,      0.3855778366,    -0.00381038625,      0.6542323173,       1.454282314,     -0.2945353026,     -0.3741104911,     -0.0283617082,    -0.07786909977,      -0.315040465,      0.1001463695,     0.01702179255,      0.1350208924,      0.1780864733,      0.1210508359,      0.2423258548,      0.2748184187,    -0.01245301933,  -0.0007922154155,   -0.002775119771,   -0.000243051064,                 0,  -3.766928687e-06,   3.167819719e-05,    0.001725612602,                 0,     -0.2660815188,      -1.665641103,      -2.711237634,    0.002828779725,   -0.001804082622,   0.0007639474942,   -0.001220837646,   -0.001323905904,     0.09145833856,   7.653118861e-05,      0.1155216245,      0.1785213423,  -0.0007922154155,   -0.002775119771,   -0.000243051064,                 0,      0.1277418197,      0.2429229414,      0.2835675562,                 0,       1.208739133,       14.23621244,       2.035376999,    -0.06992681194
          0,           0,          13,       1.233999014,       1.256660461,      -5.945505111,      -5.941063848,        -6.4131769,      -6.389720207,      -5.953960832,                         2,      -1.327600158,   0.0002142437019,      0.2570761677,             2.625,       9.899657997,       9.879086166,      0.0039269908,      0.4249655978,      0.5884096788,   -0.003073100395,    0.001931327526,      -4.407656627,   -0.003694733759,      0.3828850186,   -0.003073100395,      0.6166204439,       1.384605441,     -0.2730303877,     -0.3543289054,    -0.01895230202,    -0.06676359747,     -0.2950624889,     0.09683686374,     0.01414411517,      0.1355777752,      0.1784068437,      0.1165565815,        0.20137287,      0.2829556491,    -0.01247542181,  -0.0002520989805,   -0.002394901461,  -0.0004260999539,                 0,  -3.824243401e-06,   3.241319011e-05,     0.00190273858,                 0,     -0.2555526621,      -1.366188872,        -2.7885656,    0.002650507155,  -0.0006831937984,    0.001274531612,   -0.002934460365,   -0.001351611208,     0.08847039788,   6.259949929e-05,      0.1155095262,       0.178842495,  -0.0002520989805,   -0.002394901461,  -0.0004260999539,                 0,      0.1230276537,      0.2018689794,      0.2917238109,                 0,       1.203638542,       14.23721933,       2.087035642,    -0.06992681194
          0,           0,          14,       1.209310293,       1.253503784,       -5.92486389,      -5.919500975,      -6.406954181,      -6.382119658,      -5.931326819,                         2,      -1.326184132,   0.0002250431719,      0.2699282886,             2.625,        10.3946409,       10.37289306,      0.0039269908,      0.4213211882,      0.5623152534,   -0.002427019599,    0.002044392559,       -4.24276026,   -0.003689356091,      0.3810697418,   -0.002427019599,      0.5903353621,       1.334647459,     -0.2523891663,     -0.3327660331,    -0.01272958281,     -0.0591630476,      -0.272428476,     0.09468704105,     0.01196426364,      0.1360181072,      0.1786517763,      0.1134000611,      0.1703531437,      0.2910545977,    -0.01249254917,   0.0002159814711,   -0.002081562234,   -0.000561438836,                 0,  -3.876605094e-06,    3.24223817e-05,    0.002015846782,                 0,     -0.2481309612,      -1.131387145,      -2.865557947,    0.002315793341,   0.0002977786627,    0.001599938452,   -0.004201162745,    -0.00138591046,     0.08654599979,   5.188469871e-05,      0.1153838315,      0.1790880257,   0.0002159814711,   -0.002081562234,   -0.000561438836,                 0,      0.1197288584,      0.1707727568,      0.2998337469,                 0,       1.197630213,       14.23849798,       2.139822438,    -0.06992681194
          0,           0,          15,        1.26893425,       1.254468188,      -5.907829435,      -5.898385579,      -6.399541445,      -6.373337664,      -5.909854264,                         2,      -1.328611937,   0.0002363613951,      0.2834215915,             2.625,       10.91437294,       10.89140885,      0.0039269908,      0.4182680238,      0.5454657845,   -0.002001105895,    0.002101562459,      -4.132840862,   -0.003987992011,      0.3791993743,   -0.002001105895,      0.5733139597,       1.304105869,     -0.2353547115,     -0.3116506364,   -0.005316846993,    -0.05038105452,     -0.2509559215,     0.09343626524,     0.01040137001,      0.1363307493,      0.1780996392,      0.1114185943,      0.1481255804,      0.2983755497,    -0.01245393998,   0.0005486244074,   -0.001907835524,  -0.0006418947782,                 0,  -3.934700827e-06,   3.215423821e-05,    0.002073342922,                 0,      -0.243438394,     -0.9560516837,      -2.935126606,    0.001775821296,    0.001011058945,    0.001404747636,   -0.004957733119,   -0.001446065473,     0.08543649094,   4.331463643e-05,      0.1151850283,      0.1785345404,   0.0005486244074,   -0.001907835524,  -0.0006418947782,                 0,      0.1176649686,      0.1484903168,      0.3071586742,                 0,       1.192455564,       14.24096828,       2.188615196,    -0.06992681194
          0,           0,          16,       1.226291895,       1.252810759,      -5.890963285,      -5.876918077,      -6.389585216,      -6.360461289,      -5.889875092,                         2,        -1.3367685,   0.0002482326739,      0.2975873489,             2.625,       11.46009159,       11.43587667,      0.0039269908,      0.4144458199,      0.5356801443,   -0.001817634337,    0.002115473196,      -4.064479474,   -0.004647942473,      0.3760690928,   -0.001817634337,      0.5632855333,       1.292521528,     -0.2184885617,     -0.2901831351,                 0,    -0.03750467871,     -0.2309767496,     0.09281624979,     0.00935181654,      0.1365037035,        0.17577405,      0.1103663635,       0.133223393,      0.3043817067,    -0.01229131894,   0.0007320012976,   -0.001869686511,  -0.0006799491237,                 0,  -4.004962755e-06,   3.192252773e-05,    0.002087555631,                 0,     -0.2409121877,     -0.8324412229,      -2.992147866,    0.001021802777,    0.001424888332,   0.0007704205718,    -0.00532711288,   -0.001516138497,     0.08489138574,   3.584186631e-05,      0.1149385928,      0.1762032724,   0.0007320012976,   -0.001869686511,  -0.0006799491237,                 0,      0.1165720509,      0.1335512173,      0.3131622652,                 0,       1.189084495,       14.24572354,       2.229842113,    -0.06992681194
          0,           0,          17,       1.175174475,       1.248497632,      -5.875006319,       -5.85919874,      -6.380270457,      -6.344640307,       -5.87575434,                         2,      -1.349024337,    0.000260685346,       0.312458279,             2.625,       12.03309617,       12.00758015,      0.0039269908,       0.408562346,      0.5309049436,   -0.001818741694,    0.002093338669,      -4.025464836,   -0.005520416656,      0.3705330519,   -0.001818741694,      0.5581115544,       1.299446581,      -0.202531595,     -0.2724637973,                 0,    -0.02168369698,     -0.2168559975,     0.09259043587,    0.008705726485,      0.1365147924,      0.1707513913,      0.1099703468,      0.1240803579,      0.3087943393,    -0.01194010043,   0.0007900967624,   -0.001912104377,  -0.0006967340786,                 0,  -4.074140245e-06,   3.190492283e-05,    0.002065507886,                 0,     -0.2399191614,     -0.7516236894,      -3.033986825,   6.484055532e-05,    0.001583986337,  -2.783755074e-06,   -0.005508704376,   -0.001592914861,     0.08469374661,   2.911154753e-05,       0.114641845,      0.1711683488,   0.0007900967624,   -0.001912104377,  -0.0006967340786,                 0,      0.1161612469,      0.1243853851,      0.3175649224,                 0,        1.18770741,       14.25272872,       2.261984463,    -0.06992681194
          0,           0,          18,       1.269521475,        1.24960415,      -5.862758502,      -5.849718459,      -6.377231522,      -6.330025282,       -5.87037617,                         2,      -1.361829254,    0.000273761732,      0.3280688272,             2.625,       12.63475098,       12.60788388,      0.0039269908,      0.3993951069,      0.5294204814,   -0.001904440734,     0.00206004506,      -4.005585484,   -0.006272011942,      0.3614916946,   -0.001904440734,       0.555991234,       1.325555752,     -0.1902837786,     -0.2629835171,                 0,   -0.007068672013,     -0.2114778274,     0.09257613612,    0.008360465134,      0.1363634815,      0.1620950241,      0.1099741457,      0.1192287891,      0.3115523348,    -0.01133478827,    0.000766593145,   -0.001972826177,   -0.000698207702,                 0,  -4.129392861e-06,   3.211192555e-05,    0.002032062527,                 0,     -0.2398666665,     -0.7046079197,      -3.060105329,   -0.001005568125,     0.00157390832,  -0.0006107088514,   -0.005555006109,   -0.001680205302,      0.0846792167,   2.311956269e-05,      0.1142985147,      0.1624908437,    0.000766593145,   -0.001972826177,   -0.000698207702,                 0,       0.116164039,      0.1195215504,      0.3203056446,                 0,       1.187931904,       14.26102343,       2.284719717,    -0.06992681194
          0,           0,          19,       1.221745014,       1.248211193,      -5.858533257,      -5.852679572,      -6.383763779,      -6.320092734,      -5.875734338,                         2,      -1.367944994,   0.0002874885945,      0.3444555906,             2.625,       13.26648853,       13.23813142,      0.0039269908,      0.3874951072,      0.5298027985,   -0.001994906878,    0.002034246249,      -3.996949389,   -0.006622167932,      0.3495940136,   -0.001994906878,      0.5555425178,       1.367250292,     -0.1860585338,     -0.2659446298,   -0.006532256901,                 0,     -0.2168359958,     0.09264846804,     0.00822878464,      0.1360775769,      0.1505402776,       0.110165025,      0.1174128212,      0.3127517539,    -0.01052680168,    0.000707073956,   -0.002013897583,  -0.0006880832516,                 0,  -4.165788365e-06,   3.247257229e-05,    0.002005939465,                 0,     -0.2402656645,     -0.6831896565,      -3.071471117,   -0.002022951497,    0.001484926478,  -0.0009157987368,   -0.005495376409,   -0.001695919264,     0.08473805736,   1.843535157e-05,      0.1139296393,      0.1509078816,    0.000707073956,   -0.002013897583,  -0.0006880832516,                 0,       0.116359499,      0.1177008205,      0.3214821983,                 0,       1.189064723,       14.26854953,       2.298334236,    -0.06992681194
          0,           0,          20,        1.25215435,       1.248398962,      -5.865409471,      -5.869405914,      -6.399821544,      -6.317763358,       -5.89093332,                         2,      -1.361629778,   0.0003018848398,      0.3616578366,           2.75625,       13.92981295,       13.89976167,      0.0039269908,      0.3756584133,       0.530920122,    -0.00204493743,    0.002042078372,      -3.994156239,   -0.006538509508,      0.3377082127,    -0.00204493743,      0.5558314335,       1.413305554,     -0.1929347471,     -0.2826709723,    -0.02259002127,                 0,      -0.232034977,     0.09274110177,    0.008239821764,       0.135703246,      0.1389742437,      0.1104109332,       0.117608444,      0.3126187707,   -0.009718025807,   0.0006445712805,   -0.002027449886,  -0.0006620588244,                 0,  -4.172687373e-06,   3.287766982e-05,    0.002013373389,                 0,      -0.240805522,     -0.6801858828,      -3.070256323,    -0.00290851111,    0.001384785662,  -0.0009399481503,   -0.005279112929,    -0.00170423409,     0.08481331175,   1.579963908e-05,      0.1135654966,      0.1393136047,   0.0006445712805,   -0.002027449886,  -0.0006620588244,                 0,      0.1166112699,      0.1178967366,       0.321323427,                 0,        1.19052859,       14.27317815,       2.303694126,    -0.06992681194
          0,           0,          21,       1.226481915,       1.247402733,      -5.883853457,      -5.898100864,      -6.423728433,      -6.326828839,      -5.912862838,                         2,      -1.343825736,   0.0003169948318,      0.3797179894,         2.8940625,        14.6263036,       14.59440367,      0.0039269908,      0.3663801419,      0.5320043668,   -0.002031666266,    0.002093532127,      -3.993604932,   -0.006132960245,      0.3283769096,   -0.002031666266,      0.5562658176,       1.452055682,     -0.2113787329,     -0.3113659216,    -0.04649691048,   -0.009065481376,     -0.2539644951,     0.09282516647,    0.008337561115,      0.1353212195,      0.1298961949,      0.1106274681,      0.1190119611,      0.3114481643,    -0.00908322679,   0.0005971882737,   -0.002006636897,  -0.0006222176426,                 0,  -4.154214986e-06,   3.323929913e-05,    0.002064447043,                 0,     -0.2412919409,      -0.689451413,      -3.059270829,   -0.003590749998,    0.001311752728,  -0.0006847176489,   -0.004921946876,   -0.001838048448,     0.08488206695,   1.539649591e-05,      0.1132660581,      0.1302133881,   0.0005971882737,   -0.002006636897,  -0.0006222176426,                 0,      0.1168331415,      0.1193036528,      0.3201290234,                 0,       1.191783137,       14.27419355,       2.301547131,    -0.06992681194
          0,           0,          22,       1.330350876,       1.251009174,      -5.912577549,      -5.935239692,      -6.452780734,      -6.350849578,      -5.938727108,                         2,      -1.322320597,   0.0003328603876,      0.3986927216,       3.038765625,       15.35761878,       15.32377928,      0.0039269908,      0.3603742095,      0.5326545695,   -0.001948132505,    0.002183862753,      -3.992888038,   -0.005359929345,      0.3223402515,   -0.001948132505,      0.5564954839,       1.478059627,     -0.2401028253,     -0.3485047497,    -0.07554921176,    -0.03308621989,     -0.2798287656,     0.09289251771,    0.008476748376,      0.1350158387,      0.1239891047,      0.1107663439,      0.1209835615,       0.309574827,   -0.008670162806,   0.0005700244858,    -0.00194698138,   -0.000571175611,                 0,  -4.129606685e-06,   3.351535776e-05,    0.002154477001,                 0,     -0.2416187217,     -0.7055450979,      -3.041691004,   -0.004033214932,    0.001276557721,  -0.0001493246611,   -0.004447967771,   -0.002039194634,     0.08493956665,   1.671281221e-05,      0.1130920986,      0.1242918734,   0.0005700244858,    -0.00194698138,   -0.000571175611,                 0,      0.1169763771,      0.1212801597,      0.3182389471,                 0,       1.192414057,       14.27240212,       2.292877858,    -0.06992681194
          0,           0,          23,       1.291560888,       1.252698829,      -5.950629314,      -5.978329415,         -6.483977,      -6.391739182,      -5.968687975,                         2,      -1.305898178,   0.0003495215521,      0.4186869282,       3.190703906,       16.12549972,       16.08963798,      0.0039269908,      0.3560933975,      0.5328121665,   -0.001781163446,    0.002296695852,      -3.990686285,   -0.004060325383,       0.318058874,   -0.001781163446,      0.5563540826,       1.496270838,     -0.2781545904,     -0.3915944727,     -0.1067454776,     -0.0739758244,     -0.3097896321,     0.09294344214,    0.008621148033,      0.1348393208,      0.1196894866,      0.1108063361,      0.1230200929,      0.3073552418,   -0.008369504219,   0.0005609680077,   -0.001833970548,  -0.0005081609051,                 0,  -4.113472365e-06,   3.365864348e-05,    0.002267150681,                 0,     -0.2417364799,     -0.7237740584,      -3.020883512,    -0.00429223432,    0.001273986624,    0.000805272653,     -0.0038491474,    -0.00229043726,     0.08498757731,   1.869947213e-05,      0.1130708411,      0.1199817561,   0.0005609680077,   -0.001833970548,  -0.0005081609051,                 0,      0.1170198242,       0.123321803,      0.3160124554,                 0,       1.192191009,       14.26957203,       2.279418496,    -0.06992681194
          0,           0,          24,       1.466761112,        1.26126132,      -5.997113188,      -6.026263282,      -6.514542563,      -6.448550562,      -6.004815769,                         3,      -1.952949044,   0.0003670094398,      0.4396912374,       3.350239102,        16.9317747,       16.89380749,      0.0039269908,      0.3519067236,      0.5325140298,   -0.001514878846,    0.002416186426,      -3.986167125,   -0.001955006412,      0.3139031955,   -0.001514878846,      0.5557646245,       1.513224938,     -0.3246384647,     -0.4395283396,     -0.1373110403,     -0.1307872044,     -0.3459174261,     0.09296978413,    0.008746403331,      0.1348160942,      0.1153744419,      0.1107503637,      0.1247885292,      0.3050429038,   -0.008067766901,   0.0005597137394,   -0.001673493698,  -0.0004010988866,                 0,  -4.125386677e-06,   3.365867442e-05,    0.002386653138,                 0,     -0.2416492806,     -0.7409247226,      -2.999206294,   -0.004386827064,    0.001279767782,    0.002074787983,   -0.002820590487,    -0.00248897169,     0.08501775957,   2.028977284e-05,      0.1132089717,      0.1156561745,   0.0005597137394,   -0.001673493698,  -0.0004010988866,                 0,      0.1169658257,      0.1250946688,      0.3137041299,                 0,       1.191251166,       14.26741078,       2.262659407,    -0.06992681194
